,market,acc_trade_volume,change_rate
0,KRW-BTT,987133641.7505533,0.0
1,KRW-XEC,329284287.70081997,1.64
2,KRW-TT,3390452.83678819,1.03
3,KRW-DOGE,2163454.37025081,0.94
4,KRW-IOST,2005412.8302966,5.21
