market,volumne
KRW-BTT,255163297396.50943
KRW-XEC,33292277793.183765
KRW-CRE,3793944538.3171935
KRW-TT,328279627.86753494
KRW-TT,328279627.86753494
