market,volumne
KRW-BTT,255163297396.50943
KRW-XEC,33292277793.183765
KRW-WEMIX,33292277793.183765
KRW-ETH,33292277793.183765
KRW-BORA,33292277793.183765
